{"cameraMode":{"drawMode":0,"name":"Shaded","section":"Shading Mode"},"sceneLighting":true,"audioPlay":false,"sceneViewState":{"showFog":true,"showMaterialUpdate":false,"showSkybox":true,"showFlares":true,"showImageEffects":true,"showParticleSystems":true},"in2DMode":false,"pivot":{"x":5.514049053192139,"y":-0.9210464954376221,"z":-0.02191948890686035},"rotation":{"x":-0.11725784838199616,"y":-0.8672797679901123,"z":0.2431199848651886,"w":-0.41829511523246767},"size":6.7537431716918949,"orthographic":false}