{"cameraMode":{"drawMode":0,"name":"Shaded","section":"Shading Mode"},"sceneLighting":true,"audioPlay":false,"sceneViewState":{"showFog":true,"showMaterialUpdate":false,"showSkybox":true,"showFlares":true,"showImageEffects":true,"showParticleSystems":true},"in2DMode":false,"pivot":{"x":2.0415802001953127,"y":0.2981147766113281,"z":-1.6892509460449219},"rotation":{"x":-0.05149170011281967,"y":0.9479838013648987,"z":-0.20533794164657594,"w":-0.23772171139717103},"size":2.8578836917877199,"orthographic":false}